STANDARD_NAME	HALLMARK_PI3K_AKT_MTOR_SIGNALING
SYSTEMATIC_NAME	M5923
COLLECTION	H
MSIGDB_URL	https://www.gsea-msigdb.org/gsea/msigdb/human/geneset/HALLMARK_PI3K_AKT_MTOR_SIGNALING
NAMESPACE	HUMAN_GENE_SYMBOL
DESCRIPTION_BRIEF	Genes up-regulated by activation of the PI3K/AKT/mTOR pathway.
DESCRIPTION_FULL	
PMID	26771021
GEOID	
AUTHORS	Liberzon A,Birger C,Thorvaldsd√≥ttir H,Ghandi M,Mesirov JP,Tamayo P
CONTRIBUTOR	Arthur Liberzon
CONTRIBUTOR_ORG	MSigDB Team
EXACT_SOURCE	
FILTERED_BY_SIMILARITY	
EXTERNAL_NAMES_FOR_SIMILAR_TERMS	
EXTERNAL_DETAILS_URL	
SOURCE_MEMBERS	ACACA,ACTR2,ACTR3,ADCY2,ADRBK1,AKT1,AKT1S1,AP2M1,ARF1,ARHGDIA,ARPC3,ATF1,CAB39,CAB39L,CALR,CAMK4,CDK1,CDK2,CDK4,CDKN1A,CDKN1B,CFL1,CLTC,CSNK2B,CXCR4,DAPP1,DDIT3,DUSP3,E2F1,ECSIT,EGFR,EIF4E,FASLG,FGF17,FGF22,FGF6,GNA14,GNGT1,GRB2,GSK3B,HRAS,HSP90B1,IL2RG,IL4,IRAK4,ITPR2,LCK,MAP2K3,MAP2K6,MAP3K7,MAPK1,MAPK10,MAPK8,MAPK9,MAPKAP1,MKNK1,MKNK2,MYD88,NCK1,NFKBIB,NGF,NOD1,PAK4,PDK1,PFN1,PIK3R3,PIKFYVE,PIN1,PITX2,PLA2G12A,PLCB1,PLCG1,PPP1CA,PPP2R1B,PRKAA2,PRKAG1,PRKAR2A,PRKCB,PTEN,PTPN11,RAC1,RAF1,RALB,RIPK1,RIT1,RPS6KA1,RPS6KA3,RPTOR,SFN,SLA,SLC2A1,SMAD2,SQSTM1,STAT2,TBK1,THEM4,TIAM1,TNFRSF1A,TRAF2,TRIB3,TSC2,UBE2D3,UBE2N,VAV3,YWHAB
GENE_SYMBOLS	ACACA,ACTR2,ACTR3,ADCY2,GRK2,AKT1,AKT1S1,AP2M1,ARF1,ARHGDIA,ARPC3,ATF1,CAB39,CAB39L,CALR,CAMK4,CDK1,CDK2,CDK4,CDKN1A,CDKN1B,CFL1,CLTC,CSNK2B,CXCR4,DAPP1,DDIT3,DUSP3,E2F1,ECSIT,EGFR,EIF4E,FASLG,FGF17,FGF22,FGF6,GNA14,GNGT1,GRB2,GSK3B,HRAS,HSP90B1,IL2RG,IL4,IRAK4,ITPR2,LCK,MAP2K3,MAP2K6,MAP3K7,MAPK1,MAPK10,MAPK8,MAPK9,MAPKAP1,MKNK1,MKNK2,MYD88,NCK1,NFKBIB,NGF,NOD1,PAK4,PDK1,PFN1,PIK3R3,PIKFYVE,PIN1,PITX2,PLA2G12A,PLCB1,PLCG1,PPP1CA,PPP2R1B,PRKAA2,PRKAG1,PRKAR2A,PRKCB,PTEN,PTPN11,RAC1,RAF1,RALB,RIPK1,RIT1,RPS6KA1,RPS6KA3,RPTOR,SFN,SLA,SLC2A1,SMAD2,SQSTM1,STAT2,TBK1,THEM4,TIAM1,TNFRSF1A,TRAF2,TRIB3,TSC2,UBE2D3,UBE2N,VAV3,YWHAB
FOUNDER_NAMES	PID_BCR_5PATHWAY;M10|PID_SHP2_PATHWAY;M100|REACTOME_TRAF6_MEDIATED_INDUCTION_OF_TAK1_COMPLEX_WITHIN_TLR4_COMPLEX;M1000|BIOCARTA_RHO_PATHWAY;M1001|REACTOME_DDX58_IFIH1_MEDIATED_INDUCTION_OF_INTERFERON_ALPHA_BETA;M1002|REACTOME_IKK_COMPLEX_RECRUITMENT_MEDIATED_BY_RIP1;M1003|REACTOME_TRIGLYCERIDE_CATABOLISM;M10064|BIOCARTA_GCR_PATHWAY;M10066|BIOCARTA_TNFR2_PATHWAY;M10082|REACTOME_ENDOSOMAL_SORTING_COMPLEX_REQUIRED_FOR_TRANSPORT_ESCRT;M1009|REACTOME_INTERLEUKIN_2_FAMILY_SIGNALING;M1012|BIOCARTA_PTEN_PATHWAY;M10145|BIOCARTA_RELA_PATHWAY;M10183|REACTOME_PKB_MEDIATED_EVENTS;M1020|REACTOME_SIGNALING_BY_INSULIN_RECEPTOR;M1021|REACTOME_IONOTROPIC_ACTIVITY_OF_KAINATE_RECEPTORS;M10272|REACTOME_RAF_MAP_KINASE_CASCADE;M1028|BIOCARTA_FMLP_PATHWAY;M10287|PID_S1P_S1P1_PATHWAY;M103|REACTOME_GLUCAGON_TYPE_LIGAND_RECEPTORS;M10322|REACTOME_MYD88_MAL_CASCADE_INITIATED_ON_PLASMA_MEMBRANE;M1035|REACTOME_INNATE_IMMUNE_SYSTEM;M1036|GOBP_EPIDERMAL_GROWTH_FACTOR_RECEPTOR_SIGNALING_PATHWAY;M10399|REACTOME_GAB1_SIGNALOSOME;M10450|REACTOME_CREB1_PHOSPHORYLATION_THROUGH_THE_ACTIVATION_OF_CAMKII_CAMKK_CAMKIV_CASCASDE;M10546|BIOCARTA_MAL_PATHWAY;M10547|GOMF_GLUTAMATE_GATED_RECEPTOR_ACTIVITY;M10552|BIOCARTA_RNA_PATHWAY;M10570|BIOCARTA_EDG1_PATHWAY;M10579|REACTOME_NOD1_2_SIGNALING_PATHWAY;M1059|REACTOME_ADRENALINE_NORADRENALINE_INHIBITS_INSULIN_SECRETION;M10679|REACTOME_PIP3_ACTIVATES_AKT_SIGNALING;M1069|REACTOME_PLATELET_AGGREGATION_PLUG_FORMATION;M10735|REACTOME_NUCLEOTIDE_BINDING_DOMAIN_LEUCINE_RICH_REPEAT_CONTAINING_RECEPTOR_NLR_SIGNALING_PATHWAYS;M1074|REACTOME_INWARDLY_RECTIFYING_K_CHANNELS;M1075|REACTOME_G_ALPHA_Z_SIGNALLING_EVENTS;M10775|KEGG_MAPK_SIGNALING_PATHWAY;M10792|PID_NETRIN_PATHWAY;M108|REACTOME_FGFR2C_LIGAND_BINDING_AND_ACTIVATION;M1087|REACTOME_FGFR4_LIGAND_BINDING_AND_ACTIVATION;M1089|REACTOME_SIGNALING_BY_FGFR;M1090|REACTOME_FGFR1_LIGAND_BINDING_AND_ACTIVATION;M1092|REACTOME_OTHER_SEMAPHORIN_INTERACTIONS;M10959|PID_PRL_SIGNALING_EVENTS_PATHWAY;M11|PID_IL1_PATHWAY;M110|BIOCARTA_BARRESTIN_SRC_PATHWAY;M111|REACTOME_G_BETA_GAMMA_SIGNALLING_THROUGH_PLC_BETA;M11121|KEGG_DORSO_VENTRAL_AXIS_FORMATION;M11190|TURJANSKI_MAPK7_TARGETS;M11218|PID_NFAT_3PATHWAY;M113|BIOCARTA_ARF_PATHWAY;M11358|BIOCARTA_CTCF_PATHWAY;M11420|CORRADETTI_MTOR_PATHWAY_REGULATORS_DN;M1146|PID_REG_GR_PATHWAY;M115|BIOCARTA_TPO_PATHWAY;M11520|REACTOME_GLUCAGON_SIGNALING_IN_METABOLIC_REGULATION;M11575|BIOCARTA_NOS1_PATHWAY;M11650|REACTOME_CD28_CO_STIMULATION;M11725|REACTOME_PECAM1_INTERACTIONS;M11773|BIOCARTA_SHH_PATHWAY;M11792|PID_INTEGRIN_A9B1_PATHWAY;M118|KEGG_FC_EPSILON_RI_SIGNALING_PATHWAY;M11816|KEGG_CYTOSOLIC_DNA_SENSING_PATHWAY;M11844|REACTOME_TIE2_SIGNALING;M11932|PID_RHOA_PATHWAY;M12|PID_ARF6_DOWNSTREAM_PATHWAY;M120|ST_P38_MAPK_PATHWAY;M12012|BIOCARTA_IL1R_PATHWAY;M12095|PID_MTOR_4PATHWAY;M121|REACTOME_P130CAS_LINKAGE_TO_MAPK_SIGNALING_FOR_INTEGRINS;M12101|VART_KSHV_INFECTION_ANGIOGENIC_MARKERS_UP;M12112|PID_IL2_1PATHWAY;M122|MYLLYKANGAS_AMPLIFICATION_HOT_SPOT_5;M12227|REACTOME_SIGNALLING_TO_RAS;M12256|JOHANSSON_BRAIN_CANCER_EARLY_VS_LATE_UP;M1239|BIOCARTA_CFTR_PATHWAY;M12399|PID_CXCR4_PATHWAY;M124|KEGG_ERBB_SIGNALING_PATHWAY;M12467|PID_IGF1_PATHWAY;M125|REACTOME_GRB2_SOS_PROVIDES_LINKAGE_TO_MAPK_SIGNALING_FOR_INTEGRINS;M1262|ST_GA13_PATHWAY;M12645|STANHILL_HRAS_TRANSFROMATION_UP;M1265|FINETTI_BREAST_CANCER_KINOME_GREEN;M12692|PID_ERBB1_RECEPTOR_PROXIMAL_PATHWAY;M127|SH3_SH2_ADAPTOR_ACTIVITY;M12700|SIG_CD40PATHWAYMAP;M12705|GOMF_SH2_DOMAIN_BINDING;M12764|SA_PTEN_PATHWAY;M12771|PID_TNF_PATHWAY;M128|BIOCARTA_EPO_PATHWAY;M12836|KEGG_PATHWAYS_IN_CANCER;M12868|THEODOROU_MAMMARY_TUMORIGENESIS;M1291|REACTOME_REGULATION_OF_RHEB_GTPASE_ACTIVITY_BY_AMPK;M12922|GOMF_INSULIN_LIKE_GROWTH_FACTOR_RECEPTOR_BINDING;M12952|BIOCARTA_IL7_PATHWAY;M1296|BIOCARTA_VEGF_PATHWAY;M12975|BIOCARTA_TALL1_PATHWAY;M12985|PID_ERBB4_PATHWAY;M13|REACTOME_G_PROTEIN_ACTIVATION;M13115|BIOCARTA_UCALPAIN_PATHWAY;M13143|SIG_PIP3_SIGNALING_IN_B_LYMPHOCYTES;M1315|BIOCARTA_LONGEVITY_PATHWAY;M13158|KEGG_PROSTATE_CANCER;M13191|KEGG_RENAL_CELL_CARCINOMA;M13266|PID_TCR_RAS_PATHWAY;M134|REACTOME_ERK_MAPK_TARGETS;M13408|BIOCARTA_BIOPEPTIDES_PATHWAY;M13494|PID_IL5_PATHWAY;M135|AMIT_EGF_RESPONSE_20_HELA;M13526|PID_FOXO_PATHWAY;M136|REACTOME_CD28_DEPENDENT_VAV1_PATHWAY;M13618|PID_THROMBIN_PAR4_PATHWAY;M138|DEN_INTERACT_WITH_LCA5;M1380|BIOCARTA_MAPK_PATHWAY;M13863|REACTOME_SIGNALLING_TO_ERKS;M13881|BIOCARTA_MPR_PATHWAY;M13883|BIOCARTA_SPRY_PATHWAY;M1389|REACTOME_CD28_DEPENDENT_PI3K_AKT_SIGNALING;M13897|BIOCARTA_GATA3_PATHWAY;M1394|REACTOME_ACTIVATION_OF_THE_AP_1_FAMILY_OF_TRANSCRIPTION_FACTORS;M13962|MODULE_259;M13974|PID_PI3KCI_PATHWAY;M141|PID_AJDISS_2PATHWAY;M142|REACTOME_SIGNAL_ATTENUATION;M14236|PID_IL2_PI3K_PATHWAY;M143|REACTOME_G_BETA_GAMMA_SIGNALLING_THROUGH_PI3KGAMMA;M14301|REACTOME_G_PROTEIN_BETA_GAMMA_SIGNALLING;M14309|BIOCARTA_ARENRF2_PATHWAY;M14339|GOMF_TRANSMEMBRANE_RECEPTOR_PROTEIN_KINASE_ACTIVITY;M14378|PID_CERAMIDE_PATHWAY;M144|REACTOME_P38MAPK_EVENTS;M1441|BIOCARTA_ETS_PATHWAY;M14449|BIOCARTA_RACCYCD_PATHWAY;M14512|ST_PHOSPHOINOSITIDE_3_KINASE_PATHWAY;M14532|chr11q;M14551|REACTOME_P75NTR_RECRUITS_SIGNALLING_COMPLEXES;M14582|KEGG_COLORECTAL_CANCER;M14631|TURJANSKI_MAPK14_TARGETS;M14718|REACTOME_PLC_BETA_MEDIATED_EVENTS;M14765|ST_G_ALPHA_S_PATHWAY;M14775|BIOCARTA_AT1R_PATHWAY;M14899|PID_LYSOPHOSPHOLIPID_PATHWAY;M15|BIOCARTA_PGC1A_PATHWAY;M15181|REACTOME_MAPK_TARGETS_NUCLEAR_EVENTS_MEDIATED_BY_MAP_KINASES;M15195|REACTOME_NUCLEAR_EVENTS_KINASE_AND_TRANSCRIPTION_FACTOR_ACTIVATION;M152|KRISHNAN_FURIN_TARGETS_UP;M15228|BIOCARTA_AKT_PATHWAY;M15258|BIOCARTA_NFKB_PATHWAY;M15285|PID_P75_NTR_PATHWAY;M153|REACTOME_ACTIVATED_TLR4_SIGNALLING;M15343|BIOCARTA_AKAPCENTROSOME_PATHWAY;M15347|BIOCARTA_HDAC_PATHWAY;M1547|PID_S1P_META_PATHWAY;M155|REACTOME_TRANSMISSION_ACROSS_CHEMICAL_SYNAPSES;M15514|MEDINA_SMARCA4_TARGETS;M1554|KEGG_NOD_LIKE_RECEPTOR_SIGNALING_PATHWAY;M15569|PID_ECADHERIN_NASCENT_AJ_PATHWAY;M156|OUYANG_PROSTATE_CANCER_PROGRESSION_UP;M15626|ST_GA12_PATHWAY;M15743|KEGG_MELANOMA;M15798|TURJANSKI_MAPK1_AND_MAPK2_TARGETS;M15804|YIH_RESPONSE_TO_ARSENITE_C4;M1587|PID_AMB2_NEUTROPHILS_PATHWAY;M159|KEGG_RIG_I_LIKE_RECEPTOR_SIGNALING_PATHWAY;M15913|BIOCARTA_TFF_PATHWAY;M15926|CHESLER_BRAIN_D6MIT150_QTL_TRANS;M15964|PID_INSULIN_PATHWAY;M16|LIPID_RAFT;M16006|PID_IFNG_PATHWAY;M161|BIOCARTA_SALMONELLA_PATHWAY;M16120|KEGG_FC_GAMMA_R_MEDIATED_PHAGOCYTOSIS;M16121|SCHLESINGER_H3K27ME3_IN_NORMAL_AND_METHYLATED_IN_CANCER;M16297|BIOCARTA_EPHA4_PATHWAY;M16334|BIOCARTA_NKCELLS_PATHWAY;M16355|PID_ERBB1_DOWNSTREAM_PATHWAY;M164|BERTUCCI_INVASIVE_CARCINOMA_DUCTAL_VS_LOBULAR_UP;M16424|KEGG_ALDOSTERONE_REGULATED_SODIUM_REABSORPTION;M16473|REACTOME_SEMA3A_PAK_DEPENDENT_AXON_REPULSION;M16498|PID_SYNDECAN_4_PATHWAY;M165|ST_WNT_CA2_CYCLIC_GMP_PATHWAY;M16518|BIOCARTA_MTOR_PATHWAY;M16563|PID_ATF2_PATHWAY;M166|BIOCARTA_CK1_PATHWAY;M16626|MODULE_80;M16640|BIOCARTA_CD40_PATHWAY;M16697|PID_AP1_PATHWAY;M167|REACTOME_ACTIVATED_AMPK_STIMULATES_FATTY_ACID_OXIDATION_IN_MUSCLE;M16702|KEGG_NEUROTROPHIN_SIGNALING_PATHWAY;M16763|SIG_REGULATION_OF_THE_ACTIN_CYTOSKELETON_BY_RHO_GTPASES;M16801|BIOCARTA_ERK5_PATHWAY;M16811|KEGG_OOCYTE_MEIOSIS;M16817|BERENJENO_TRANSFORMED_BY_RHOA_REVERSIBLY_UP;M16834|MYLLYKANGAS_AMPLIFICATION_HOT_SPOT_12;M16845|BIOCARTA_ACH_PATHWAY;M16884|REACTOME_PI3K_CASCADE;M16929|BIOCARTA_STATHMIN_PATHWAY;M16966|BIOCARTA_CBL_PATHWAY;M16973|BIOCARTA_IGF1MTOR_PATHWAY;M16991|REACTOME_INTEGRATION_OF_ENERGY_METABOLISM;M17034|SCHEIDEREIT_IKK_TARGETS;M17115|MODULE_199;M17161|SIG_IL4RECEPTOR_IN_B_LYPHOCYTES;M1718|REACTOME_SIGNALLING_TO_P38_VIA_RIT_AND_RIN;M17181|SA_B_CELL_RECEPTOR_COMPLEXES;M17200|REACTOME_ACTIVATED_TAK1_MEDIATES_P38_MAPK_ACTIVATION;M17243|INOSITOL_OR_PHOSPHATIDYLINOSITOL_PHOSPHATASE_ACTIVITY;M17267|BIOCARTA_RAS_PATHWAY;M17294|REACTOME_COSTIMULATION_BY_THE_CD28_FAMILY;M17386|PID_UPA_UPAR_PATHWAY;M174|GOBP_GLUTAMATE_RECEPTOR_SIGNALING_PATHWAY;M17444|KEGG_VEGF_SIGNALING_PATHWAY;M1749|PID_ERBB2_ERBB3_PATHWAY;M175|GOBP_CELL_SURFACE_RECEPTOR_PROTEIN_TYROSINE_KINASE_SIGNALING_PATHWAY;M17660|BIOCARTA_AKAP13_PATHWAY;M17668|REACTOME_RAS_ACTIVATION_UPON_CA2_INFLUX_THROUGH_NMDA_RECEPTOR;M17670|BIOCARTA_IL3_PATHWAY;M17681|PID_EPHA_FWDPATHWAY;M177|MODULE_200;M17727|REACTOME_DOWNSTREAM_SIGNALING_OF_ACTIVATED_FGFR;M17776|BIOCARTA_VIP_PATHWAY;M17941|ST_TUMOR_NECROSIS_FACTOR_PATHWAY;M18030|BIOCARTA_LEPTIN_PATHWAY;M18053|KEGG_INSULIN_SIGNALING_PATHWAY;M18155|REACTOME_P75NTR_SIGNALS_VIA_NF_KB;M18175|REACTOME_ACTIVATION_OF_KAINATE_RECEPTORS_UPON_GLUTAMATE_BINDING;M18193|PID_IL3_PATHWAY;M182|REACTOME_ACETYLCHOLINE_REGULATES_INSULIN_SECRETION;M1825|GOMF_LIPID_KINASE_ACTIVITY;M1826|PID_IL6_7_PATHWAY;M183|KEGG_REGULATION_OF_ACTIN_CYTOSKELETON;M18306|REACTOME_THROMBOXANE_SIGNALLING_THROUGH_TP_RECEPTOR;M18308|ST_G_ALPHA_I_PATHWAY;M18342|KEGG_GLIOMA;M1835|GOMF_NF_KAPPAB_BINDING;M18353|PID_ECADHERIN_KERATINOCYTE_PATHWAY;M184|REACTOME_SEMA4D_INDUCED_CELL_MIGRATION_AND_GROWTH_CONE_COLLAPSE;M18415|GOBP_INSULIN_RECEPTOR_SIGNALING_PATHWAY;M18583|PID_PDGFRB_PATHWAY;M186|PID_TRKR_PATHWAY;M187|BIOCARTA_HER2_PATHWAY;M18719|HUNSBERGER_EXERCISE_REGULATED_GENES;M1878|GOMF_GLUTAMATE_RECEPTOR_ACTIVITY;M18783|SA_TRKA_RECEPTOR;M18895|BIOCARTA_DREAM_PATHWAY;M18899|PID_TCR_JNK_PATHWAY;M190|ST_ADRENERGIC;M19043|BIOCARTA_FCER1_PATHWAY;M1908|BIOCARTA_EGF_PATHWAY;M1909|KEGG_BLADDER_CANCER;M19096|REACTOME_REGULATION_OF_AMPK_ACTIVITY_VIA_LKB1;M19104|BIOCARTA_KERATINOCYTE_PATHWAY;M19118|REACTOME_REGULATION_OF_INSULIN_SECRETION;M1921|PID_NEPHRIN_NEPH1_PATHWAY;M193|BIOCARTA_MET_PATHWAY;M19358|MODULE_85;M19421|REACTOME_SOS_MEDIATED_SIGNALLING;M19489|REACTOME_ADENYLATE_CYCLASE_ACTIVATING_PATHWAY;M19522|BIOCARTA_IGF1R_PATHWAY;M19613|KEGG_TYPE_II_DIABETES_MELLITUS;M19708|ONO_AML1_TARGETS_UP;M1977|ONO_AML1_TARGETS_DN;M1978|BIOCARTA_TCR_PATHWAY;M19784|KEGG_GNRH_SIGNALING_PATHWAY;M1979|ONO_FOXP3_TARGETS_UP;M1981|KEGG_NON_SMALL_CELL_LUNG_CANCER;M19818|ONO_FOXP3_TARGETS_DN;M1982|BIOCARTA_AGPCR_PATHWAY;M19829|REACTOME_ENERGY_DEPENDENT_REGULATION_OF_MTOR_BY_LKB1_AMPK;M19861|KEGG_ENDOMETRIAL_CANCER;M19877|KEGG_ACUTE_MYELOID_LEUKEMIA;M19888|PID_P38_MK2_PATHWAY;M199|BIOCARTA_CERAMIDE_PATHWAY;M19943|PID_P38_MKK3_6PATHWAY;M20|PID_ERBB_NETWORK_PATHWAY;M201|REACTOME_SIGNALING_BY_PDGF;M2049|PID_PDGFRA_PATHWAY;M206|BIOCARTA_41BB_PATHWAY;M2064|RECEPTOR_SIGNALING_PROTEIN_SERINE_THREONINE_KINASE_ACTIVITY;M2079|PID_P38_GAMMA_DELTA_PATHWAY;M209|PID_IL8_CXCR2_PATHWAY;M210|PID_AR_NONGENOMIC_PATHWAY;M213|PID_ERBB1_INTERNALIZATION_PATHWAY;M214|KAPOSI_LIVER_CANCER_MET_DN;M2184|PID_GMCSF_PATHWAY;M22|PID_CXCR3_PATHWAY;M222|KEGG_FOLATE_BIOSYNTHESIS;M2220|REACTOME_SEMA4D_IN_SEMAPHORIN_SIGNALING;M2243|PID_VEGFR1_PATHWAY;M226|BIOCARTA_NFAT_PATHWAY;M2288|PID_P38_ALPHA_BETA_DOWNSTREAM_PATHWAY;M229|PID_KIT_PATHWAY;M231|PID_ECADHERIN_STABILIZATION_PATHWAY;M232|PID_EPO_PATHWAY;M233|PID_IL2_STAT5_PATHWAY;M234|BIOCARTA_CCR5_PATHWAY;M2349|PID_TCR_CALCIUM_PATHWAY;M235|PID_VEGFR1_2_PATHWAY;M237|PID_THROMBIN_PAR1_PATHWAY;M238|PID_SYNDECAN_2_PATHWAY;M240|BIOCARTA_PPARA_PATHWAY;M2404|PID_INSULIN_GLUCOSE_PATHWAY;M247|PID_PI3KCI_AKT_PATHWAY;M249|TURJANSKI_MAPK11_TARGETS;M2492|ABDELMOHSEN_ELAVL4_TARGETS;M2509|ZHANG_ADIPOGENESIS_BY_BMP7;M2511|PID_IL8_CXCR1_PATHWAY;M252|BIOCARTA_PDGF_PATHWAY;M2529|MIZUSHIMA_AUTOPHAGOSOME_FORMATION;M2537|PID_EPHRINB_REV_PATHWAY;M257|ST_DIFFERENTIATION_PATHWAY_IN_PC12_CELLS;M2579|PID_NFKAPPAB_ATYPICAL_PATHWAY;M26|BIOCARTA_RANKL_PATHWAY;M2602|BIOCARTA_IGF1_PATHWAY;M2623|PID_TOLL_ENDOGENOUS_PATHWAY;M264|PID_NCADHERIN_PATHWAY;M266|PID_ANTHRAX_PATHWAY;M267|PID_S1P_S1P2_PATHWAY;M268|PID_RAS_PATHWAY;M269|BIOCARTA_SODD_PATHWAY;M2699|PID_MAPK_TRK_PATHWAY;M270|ST_MYOCYTE_AD_PATHWAY;M2701|PID_PI3K_PLC_TRK_PATHWAY;M271|PID_CD8_TCR_DOWNSTREAM_PATHWAY;M272|PID_EPHA2_FWD_PATHWAY;M273|PID_LYMPH_ANGIOGENESIS_PATHWAY;M274|PID_ALPHA_SYNUCLEIN_PATHWAY;M275|PID_FGF_PATHWAY;M276|PID_INTEGRIN_A4B1_PATHWAY;M277|PID_RAC1_PATHWAY;M278|REACTOME_SIGNALING_BY_ROBO_RECEPTORS;M2780|PID_IL4_2PATHWAY;M28|PID_FAK_PATHWAY;M281|BIOCARTA_NTHI_PATHWAY;M2821|GOBP_ENZYME_LINKED_RECEPTOR_PROTEIN_SIGNALING_PATHWAY;M284|REACTOME_ACTIVATION_OF_NMDA_RECEPTORS_AND_POSTSYNAPTIC_EVENTS;M2843|BIOCARTA_ERK_PATHWAY;M287|KEGG_CALCIUM_SIGNALING_PATHWAY;M2890|SIG_PIP3_SIGNALING_IN_CARDIAC_MYOCTES;M295|KEGG_LONG_TERM_POTENTIATION;M3115|KEGG_CHRONIC_MYELOID_LEUKEMIA;M321|KEGG_SMALL_CELL_LUNG_CANCER;M3228|METABOTROPIC_GLUTAMATEGABA_B_LIKE_RECEPTOR_ACTIVITY;M323|KEGG_TOLL_LIKE_RECEPTOR_SIGNALING_PATHWAY;M3261|ST_INTEGRIN_SIGNALING_PATHWAY;M3270|REACTOME_SHC_MEDIATED_SIGNALLING;M3293|PID_GLYPICAN_1PATHWAY;M33|BIOCARTA_INTEGRIN_PATHWAY;M3342|BIOCARTA_CACAM_PATHWAY;M3412|BIOCARTA_CALCINEURIN_PATHWAY;M3430|WEIGEL_OXIDATIVE_STRESS_BY_HNE_AND_H2O2;M347|REACTOME_MTORC1_MEDIATED_SIGNALLING;M3492|ST_B_CELL_ANTIGEN_RECEPTOR;M3501|MODULE_51;M3541|REACTOME_SIGNALING_BY_NTRKS;M3574|KEGG_PROGESTERONE_MEDIATED_OOCYTE_MATURATION;M3578|GOMF_MOLECULAR_ADAPTOR_ACTIVITY;M3632|REACTOME_FGFR_LIGAND_BINDING_AND_ACTIVATION;M3661|PID_NFKAPPAB_CANONICAL_PATHWAY;M37|ST_JNK_MAPK_PATHWAY;M3721|REACTOME_AKT_PHOSPHORYLATES_TARGETS_IN_THE_CYTOSOL;M3862|KEGG_INOSITOL_PHOSPHATE_METABOLISM;M3896|KEGG_GAP_JUNCTION;M4013|PID_ER_NONGENOMIC_PATHWAY;M41|BIOCARTA_NO1_PATHWAY;M4383|BIOCARTA_CDMAC_PATHWAY;M4388|PID_CD40_PATHWAY;M45|GOMF_MAP_KINASE_ACTIVITY;M4513|GOBP_POSITIVE_REGULATION_OF_EPITHELIAL_CELL_PROLIFERATION;M4581|BIOCARTA_EIF4_PATHWAY;M4791|PID_MET_PATHWAY;M48|BIOCARTA_BCELLSURVIVAL_PATHWAY;M4835|REACTOME_G_ALPHA_S_SIGNALLING_EVENTS;M4904|ST_ERK1_ERK2_MAPK_PATHWAY;M4910|REACTOME_EXTRINSIC_PATHWAY_FOR_APOPTOSIS;M493|PID_PTP1B_PATHWAY;M50|REACTOME_SIGNALING_BY_SCF_KIT;M508|REACTOME_DEVELOPMENTAL_BIOLOGY;M509|GOMF_TRANSMEMBRANE_RECEPTOR_PROTEIN_TYROSINE_KINASE_ACTIVITY;M5106|REACTOME_DAG_AND_IP3_SIGNALING;M512|REACTOME_SPRY_REGULATION_OF_FGF_SIGNALING;M514|REACTOME_GROWTH_HORMONE_RECEPTOR_SIGNALING;M519|SIG_CHEMOTAXIS;M5193|REACTOME_TRIF_MEDIATED_TLR3_SIGNALING;M520|KEGG_THYROID_CANCER;M523|REACTOME_TETRAHYDROBIOPTERIN_BH4_SYNTHESIS_RECYCLING_SALVAGE_AND_REGULATION;M526|BIOCARTA_MEF2D_PATHWAY;M5290|BIOCARTA_CDC42RAC_PATHWAY;M5291|REACTOME_NEGATIVE_REGULATION_OF_FGFR_SIGNALING;M530|GOMF_PROTEIN_MACROMOLECULE_ADAPTOR_ACTIVITY;M5345|REACTOME_REGULATION_OF_KIT_SIGNALING;M537|BIOCARTA_IL4_PATHWAY;M5415|REACTOME_INTERLEUKIN_7_SIGNALING;M542|KEGG_B_CELL_RECEPTOR_SIGNALING_PATHWAY;M5436|REACTOME_SIGNALING_BY_ERBB4;M544|BIOCARTA_IL6_PATHWAY;M5489|REACTOME_DOWNREGULATION_OF_ERBB2_ERBB3_SIGNALING;M549|PID_S1P_S1P3_PATHWAY;M55|REACTOME_PROLACTIN_RECEPTOR_SIGNALING;M552|ROZANOV_MMP14_TARGETS_DN;M5522|REACTOME_SIGNALING_BY_ERBB2;M553|KEGG_AXON_GUIDANCE;M5539|BIOCARTA_PLCE_PATHWAY;M5576|REACTOME_CONSTITUTIVE_SIGNALING_BY_LIGAND_RESPONSIVE_EGFR_CANCER_VARIANTS;M559|PID_LPA4_PATHWAY;M56|REACTOME_GRB2_EVENTS_IN_ERBB2_SIGNALING;M562|REACTOME_SIGNALING_BY_EGFR_IN_CANCER;M563|REACTOME_MEMBRANE_BINDING_AND_TARGETTING_OF_GAG_PROTEINS;M564|KEGG_NATURAL_KILLER_CELL_MEDIATED_CYTOTOXICITY;M5669|REACTOME_PI3K_EVENTS_IN_ERBB4_SIGNALING;M568|REACTOME_SHC1_EVENTS_IN_ERBB4_SIGNALING;M569|REACTOME_PI3K_EVENTS_IN_ERBB2_SIGNALING;M570|REACTOME_NUCLEAR_SIGNALING_BY_ERBB4;M571|BIOCARTA_AKAP95_PATHWAY;M5731|GOMF_PROTEIN_SERINE_THREONINE_TYROSINE_KINASE_ACTIVITY;M5810|VART_KSHV_INFECTION_ANGIOGENIC_MARKERS_DN;M5825|REACTOME_RIP_MEDIATED_NFKB_ACTIVATION_VIA_ZBP1;M583|BIOCARTA_NDKDYNAMIN_PATHWAY;M5940|ST_PAC1_RECEPTOR_PATHWAY;M599|PID_NFAT_TFPATHWAY;M60|REACTOME_ANTIGEN_ACTIVATES_B_CELL_RECEPTOR_BCR_LEADING_TO_GENERATION_OF_SECOND_MESSENGERS;M601|PID_EPHB_FWD_PATHWAY;M62|REACTOME_INSULIN_RECEPTOR_SIGNALLING_CASCADE;M620|REACTOME_ARMS_MEDIATED_ACTIVATION;M621|REACTOME_PROLONGED_ERK_ACTIVATION_EVENTS;M622|BIOCARTA_AGR_PATHWAY;M6220|REACTOME_NGF_SIGNALLING_VIA_TRKA_FROM_THE_PLASMA_MEMBRANE;M623|ZAIDI_OSTEOBLAST_TRANSCRIPTION_FACTORS;M6267|PID_AVB3_OPN_PATHWAY;M63|SCHEIDEREIT_IKK_INTERACTING_PROTEINS;M6303|REACTOME_ACTIVATION_OF_RAC1;M6322|REACTOME_SIGNALING_BY_FGFR_IN_DISEASE;M635|BIOCARTA_ECM_PATHWAY;M6355|KEGG_ADHERENS_JUNCTION;M638|KEGG_REGULATION_OF_AUTOPHAGY;M6382|REACTOME_SYNTHESIS_OF_PIPS_AT_THE_EARLY_ENDOSOME_MEMBRANE;M639|PID_S1P_S1P4_PATHWAY;M64|REACTOME_SYNTHESIS_OF_PIPS_AT_THE_GOLGI_MEMBRANE;M645|REACTOME_OPIOID_SIGNALLING;M6467|REACTOME_ACTIVATED_POINT_MUTANTS_OF_FGFR2;M647|PID_FRA_PATHWAY;M65|GOMF_PDZ_DOMAIN_BINDING;M6526|REACTOME_SYNTHESIS_OF_PIPS_AT_THE_LATE_ENDOSOME_MEMBRANE;M655|REACTOME_FGFR1_MUTANT_RECEPTOR_ACTIVATION;M661|REACTOME_SYNTHESIS_OF_PIPS_AT_THE_PLASMA_MEMBRANE;M662|GOMF_PROTEIN_TYROSINE_KINASE_ACTIVITY;M6622|BIOCARTA_BARR_MAPK_PATHWAY;M668|REACTOME_SIGNALING_BY_CYTOSOLIC_FGFR1_FUSION_MUTANTS;M673|REACTOME_SIGNALING_BY_ACTIVATED_POINT_MUTANTS_OF_FGFR1;M675|REACTOME_PI_METABOLISM;M676|REACTOME_SIGNALING_BY_FGFR3_MUTANTS;M689|BIOCARTA_EPONFKB_PATHWAY;M6917|chr9p22;M693|PID_FCER1_PATHWAY;M7|REACTOME_SIGNALING_BY_FGFR_MUTANTS;M704|FARMER_BREAST_CANCER_CLUSTER_8;M7081|REACTOME_ENOS_ACTIVATION_AND_REGULATION;M711|GOMF_SH3_DOMAIN_BINDING;M7113|REACTOME_NEGATIVE_REGULATION_OF_THE_PI3K_AKT_NETWORK;M713|REACTOME_PI3K_AKT_ACTIVATION;M714|REACTOME_SHC1_EVENTS_IN_EGFR_SIGNALING;M719|PID_NECTIN_PATHWAY;M72|MA_PITUITARY_FETAL_VS_ADULT_UP;M7250|KEGG_FOCAL_ADHESION;M7253|LIN_NPAS4_TARGETS_DN;M7327|REACTOME_NEURONAL_SYSTEM;M735|REACTOME_NF_KB_IS_ACTIVATED_AND_SIGNALS_SURVIVAL;M736|REACTOME_POST_NMDA_RECEPTOR_ACTIVATION_EVENTS;M74|ST_GAQ_PATHWAY;M7416|REACTOME_CA_DEPENDENT_EVENTS;M749|REACTOME_TOLL_LIKE_RECEPTOR_CASCADES;M7494|REACTOME_ADENYLATE_CYCLASE_INHIBITORY_PATHWAY;M750|REACTOME_DARPP_32_EVENTS;M751|REACTOME_NEUROTRANSMITTER_RECEPTORS_AND_POSTSYNAPTIC_SIGNAL_TRANSMISSION;M752|BIOCARTA_CARDIACEGF_PATHWAY;M7552|KEGG_MTOR_SIGNALING_PATHWAY;M7561|REACTOME_SEMA3A_PLEXIN_REPULSION_SIGNALING_BY_INHIBITING_INTEGRIN_ADHESION;M7578|REACTOME_PKA_MEDIATED_PHOSPHORYLATION_OF_CREB;M759|PID_P38_ALPHA_BETA_PATHWAY;M76|REACTOME_INTEGRIN_SIGNALING;M760|GOMF_PROTEIN_DOMAIN_SPECIFIC_BINDING;M7630|BIOCARTA_INSULIN_PATHWAY;M765|REACTOME_GPVI_MEDIATED_ACTIVATION_CASCADE;M773|BIOCARTA_PYK2_PATHWAY;M7739|BIOCARTA_IL2_PATHWAY;M7747|BIOCARTA_BARRESTIN_PATHWAY;M7772|REACTOME_DOWNSTREAM_SIGNAL_TRANSDUCTION;M779|BIOCARTA_ACTINY_PATHWAY;M7825|BIOCARTA_NGF_PATHWAY;M7860|ST_GRANULE_CELL_SURVIVAL_PATHWAY;M7871|BIOCARTA_GLEEVEC_PATHWAY;M7897|PID_TRAIL_PATHWAY;M79|REACTOME_GLUCAGON_LIKE_PEPTIDE_1_GLP1_REGULATES_INSULIN_SECRETION;M791|REACTOME_SEMAPHORIN_INTERACTIONS;M7923|REACTOME_CLASS_C_3_METABOTROPIC_GLUTAMATE_PHEROMONE_RECEPTORS;M793|SIG_INSULIN_RECEPTOR_PATHWAY_IN_CARDIAC_MYOCYTES;M7955|BIOCARTA_CARM1_PATHWAY;M7968|REACTOME_CLASS_B_2_SECRETIN_FAMILY_RECEPTORS;M797|PID_ENDOTHELIN_PATHWAY;M8|PID_CDC42_PATHWAY;M81|REACTOME_ADP_SIGNALLING_THROUGH_P2Y_PURINOCEPTOR_1;M811|PID_RET_PATHWAY;M82|KEGG_LONG_TERM_DEPRESSION;M8232|REACTOME_CRMPS_IN_SEMA3A_SIGNALING;M8245|REACTOME_SHC_RELATED_EVENTS;M825|INOSITOL_OR_PHOSPHATIDYLINOSITOL_KINASE_ACTIVITY;M8307|BIOCARTA_HCMV_PATHWAY;M8353|REACTOME_CREB1_PHOSPHORYLATION_THROUGH_NMDA_RECEPTOR_MEDIATED_ACTIVATION_OF_RAS_SIGNALING;M837|REACTOME_UNBLOCKING_OF_NMDA_RECEPTORS_GLUTAMATE_BINDING_AND_ACTIVATION;M838|REACTOME_ADP_SIGNALLING_THROUGH_P2Y_PURINOCEPTOR_12;M841|REACTOME_ERKS_ARE_INACTIVATED;M8410|REACTOME_FRS2_MEDIATED_CASCADE;M846|KEGG_APOPTOSIS;M8492|BIOCARTA_BAD_PATHWAY;M85|REACTOME_PI_3K_CASCADE;M850|GOMF_CYTOKINE_RECEPTOR_BINDING;M8501|REACTOME_TAK1_DEPENDENT_IKK_AND_NF_KAPPA_B_ACTIVATION;M852|REACTOME_MYOGENESIS;M853|REACTOME_MAP_KINASE_ACTIVATION_IN_TLR_CASCADE;M855|REACTOME_PHOSPHOLIPASE_C_MEDIATED_CASCADE;M856|REACTOME_JNK_C_JUN_KINASES_PHOSPHORYLATION_AND_ACTIVATION_MEDIATED_BY_ACTIVATED_HUMAN_TAK1;M859|PID_ARF6_PATHWAY;M86|REACTOME_SHC_MEDIATED_CASCADE;M860|BIOCARTA_RAC1_PATHWAY;M8601|REACTOME_THROMBIN_SIGNALLING_THROUGH_PROTEINASE_ACTIVATED_RECEPTORS_PARS;M861|BIOCARTA_IL2RB_PATHWAY;M8615|BIOCARTA_P38MAPK_PATHWAY;M862|SIG_BCR_SIGNALING_PATHWAY;M8626|PID_LKB1_PATHWAY;M87|BIOCARTA_MCALPAIN_PATHWAY;M8719|BIOCARTA_SPPA_PATHWAY;M8731|REACTOME_SIGNALING_BY_INTERLEUKINS;M874|REACTOME_NETRIN_1_SIGNALING;M875|GILMORE_CORE_NFKB_PATHWAY;M8804|BIOCARTA_PTDINS_PATHWAY;M8809|BIOCARTA_CXCR4_PATHWAY;M882|REACTOME_AXON_GUIDANCE;M8821|ST_FAS_SIGNALING_PATHWAY;M8873|REACTOME_DCC_MEDIATED_ATTRACTIVE_SIGNALING;M889|BIOCARTA_CDK5_PATHWAY;M89|RECEPTOR_SIGNALING_PROTEIN_ACTIVITY;M8963|REACTOME_INTERLEUKIN_1_FAMILY_SIGNALING;M899|KEGG_VASOPRESSIN_REGULATED_WATER_REABSORPTION;M9011|REACTOME_REGULATION_OF_SIGNALING_BY_CBL;M903|BIOCARTA_GH_PATHWAY;M9043|KEGG_PHOSPHATIDYLINOSITOL_SIGNALING_SYSTEM;M9052|BIOCARTA_CREB_PATHWAY;M9070|PID_TCPTP_PATHWAY;M91|REACTOME_NEPHRIN_FAMILY_INTERACTIONS;M913|BIOCARTA_TRKA_PATHWAY;M9134|REACTOME_INTERLEUKIN_3_INTERLEUKIN_5_AND_GM_CSF_SIGNALING;M914|BIOCARTA_CCR3_PATHWAY;M9152|PID_ANGIOPOIETIN_RECEPTOR_PATHWAY;M92|REACTOME_AQUAPORIN_MEDIATED_TRANSPORT;M920|REACTOME_INTERLEUKIN_RECEPTOR_SHC_SIGNALING;M921|REACTOME_RAP1_SIGNALLING;M923|REACTOME_SIGNAL_REGULATORY_PROTEIN_FAMILY_INTERACTIONS;M925|REACTOME_PROSTACYCLIN_SIGNALLING_THROUGH_PROSTACYCLIN_RECEPTOR;M926|REACTOME_VASOPRESSIN_REGULATES_RENAL_WATER_HOMEOSTASIS_VIA_AQUAPORINS;M933|REACTOME_IRAK1_RECRUITS_IKK_COMPLEX;M935|REACTOME_TRAF6_MEDIATED_IRF7_ACTIVATION;M936|ST_INTERLEUKIN_4_PATHWAY;M9378|REACTOME_SIGNAL_AMPLIFICATION;M9379|KEGG_VASCULAR_SMOOTH_MUSCLE_CONTRACTION;M9387|PID_FAS_PATHWAY;M94|REACTOME_TRAF6_MEDIATED_NF_KB_ACTIVATION;M940|REACTOME_PLATELET_ADHESION_TO_EXPOSED_COLLAGEN;M9450|REACTOME_INHIBITION_OF_VOLTAGE_GATED_CA2_CHANNELS_VIA_GBETA_GAMMA_SUBUNITS;M947|REACTOME_IRAK2_MEDIATED_ACTIVATION_OF_TAK1_COMPLEX_UPON_TLR7_8_OR_9_STIMULATION;M948|BIOCARTA_BCR_PATHWAY;M9494|REACTOME_TRAF6_MEDIATED_INDUCTION_OF_NFKB_AND_MAP_KINASES_UPON_TLR7_8_OR_9_ACTIVATION;M951|ST_T_CELL_SIGNAL_TRANSDUCTION;M9526|REACTOME_TRAF3_DEPENDENT_IRF_ACTIVATION_PATHWAY;M953|REACTOME_GABA_B_RECEPTOR_ACTIVATION;M954|GOMF_HORMONE_BINDING;M9558|REACTOME_NF_KB_ACTIVATION_THROUGH_FADD_RIP_1_PATHWAY_MEDIATED_BY_CASPASE_8_AND_10;M957|BIOCARTA_GPCR_PATHWAY;M9664|REACTOME_TRAF6_MEDIATED_IRF7_ACTIVATION_IN_TLR7_8_OR_9_SIGNALING;M967|BIOCARTA_STRESS_PATHWAY;M9670|REACTOME_ACTIVATION_OF_IRF3_IRF7_MEDIATED_BY_TBK1_IKK_IKBKE;M970|KEGG_PANCREATIC_CANCER;M9726|REACTOME_INTERFERON_ALPHA_BETA_SIGNALING;M973|REACTOME_ADVANCED_GLYCOSYLATION_ENDPRODUCT_RECEPTOR_SIGNALING;M975|REACTOME_GABA_RECEPTOR_ACTIVATION;M976|REACTOME_REGULATION_OF_IFNA_IFNB_SIGNALING;M982|BIOCARTA_TOLL_PATHWAY;M984|TURJANSKI_MAPK8_AND_MAPK9_TARGETS;M9841|REACTOME_NEGATIVE_REGULATORS_OF_DDX58_IFIH1_SIGNALING;M985|REACTOME_NFKB_AND_MAP_KINASES_ACTIVATION_MEDIATED_BY_TLR4_SIGNALING_REPERTOIRE;M987|PID_TXA2PATHWAY;M99|KEGG_T_CELL_RECEPTOR_SIGNALING_PATHWAY;M9904|REACTOME_DSCAM_INTERACTIONS;M994